INSERT INTO hydra_client (id, nid, client_name, client_secret, redirect_uris, grant_types, response_types, scope, owner, policy_uri, tos_uri, client_uri, logo_uri, contacts, client_secret_expires_at, sector_identifier_uri, jwks, jwks_uri, request_uris, token_endpoint_auth_method, request_object_signing_alg, userinfo_signed_response_alg, subject_type, allowed_cors_origins, pk_deprecated, audience, created_at, updated_at, frontchannel_logout_uri, frontchannel_logout_session_required, post_logout_redirect_uris, backchannel_logout_uri, backchannel_logout_session_required, metadata, token_endpoint_auth_signing_alg, pk, registration_access_token_signature) VALUES ('client-0001', '24704dcb-0ab9-4bfa-a84c-405932ae53fe', 'Client 0001', 'secret-0001', 'http://redirect/0001_1', 'grant-0001_1', 'response-0001_1', 'scope-0001', 'owner-0001', 'http://policy/0001', 'http://tos/0001', 'http://client/0001', 'http://logo/0001', 'contact-0001_1', 0, '', '', '', '', 'none', '', '', '', '', 1, '', CURRENT_TIMESTAMP, CURRENT_TIMESTAMP, '', false, '', '', false, '{}', '', '4db0bba3-ff30-4e6d-a7eb-a08a9b0d4d0f', '');
INSERT INTO hydra_client (id, nid, client_name, client_secret, redirect_uris, grant_types, response_types, scope, owner, policy_uri, tos_uri, client_uri, logo_uri, contacts, client_secret_expires_at, sector_identifier_uri, jwks, jwks_uri, request_uris, token_endpoint_auth_method, request_object_signing_alg, userinfo_signed_response_alg, subject_type, allowed_cors_origins, pk_deprecated, audience, created_at, updated_at, frontchannel_logout_uri, frontchannel_logout_session_required, post_logout_redirect_uris, backchannel_logout_uri, backchannel_logout_session_required, metadata, token_endpoint_auth_signing_alg, pk, registration_access_token_signature) VALUES ('client-0002', '24704dcb-0ab9-4bfa-a84c-405932ae53fe', 'Client 0002', 'secret-0002', 'http://redirect/0002_1', 'grant-0002_1', 'response-0002_1', 'scope-0002', 'owner-0002', 'http://policy/0002', 'http://tos/0002', 'http://client/0002', 'http://logo/0002', 'contact-0002_1', 0, '', '', '', '', 'none', '', '', '', '', 2, '', CURRENT_TIMESTAMP, CURRENT_TIMESTAMP, '', false, '', '', false, '{}', '', 'f24d3183-8b4f-40fa-a1a0-c5dd2aa9fabb', '');
INSERT INTO hydra_client (id, nid, client_name, client_secret, redirect_uris, grant_types, response_types, scope, owner, policy_uri, tos_uri, client_uri, logo_uri, contacts, client_secret_expires_at, sector_identifier_uri, jwks, jwks_uri, request_uris, token_endpoint_auth_method, request_object_signing_alg, userinfo_signed_response_alg, subject_type, allowed_cors_origins, pk_deprecated, audience, created_at, updated_at, frontchannel_logout_uri, frontchannel_logout_session_required, post_logout_redirect_uris, backchannel_logout_uri, backchannel_logout_session_required, metadata, token_endpoint_auth_signing_alg, pk, registration_access_token_signature) VALUES ('client-0003', '24704dcb-0ab9-4bfa-a84c-405932ae53fe', 'Client 0003', 'secret-0003', 'http://redirect/0003_1', 'grant-0003_1', 'response-0003_1', 'scope-0003', 'owner-0003', 'http://policy/0003', 'http://tos/0003', 'http://client/0003', 'http://logo/0003', 'contact-0003_1', 0, '', '', '', '', 'none', 'r_alg-0003', 'u_alg-0003', '', '', 3, '', CURRENT_TIMESTAMP, CURRENT_TIMESTAMP, '', false, '', '', false, '{}', '', '15dc61a0-cff0-452f-aacf-860bc79dbfe1', '');
INSERT INTO hydra_client (id, nid, client_name, client_secret, redirect_uris, grant_types, response_types, scope, owner, policy_uri, tos_uri, client_uri, logo_uri, contacts, client_secret_expires_at, sector_identifier_uri, jwks, jwks_uri, request_uris, token_endpoint_auth_method, request_object_signing_alg, userinfo_signed_response_alg, subject_type, allowed_cors_origins, pk_deprecated, audience, created_at, updated_at, frontchannel_logout_uri, frontchannel_logout_session_required, post_logout_redirect_uris, backchannel_logout_uri, backchannel_logout_session_required, metadata, token_endpoint_auth_signing_alg, pk, registration_access_token_signature) VALUES ('client-0004', '24704dcb-0ab9-4bfa-a84c-405932ae53fe', 'Client 0004', 'secret-0004', 'http://redirect/0004_1', 'grant-0004_1', 'response-0004_1', 'scope-0004', 'owner-0004', 'http://policy/0004', 'http://tos/0004', 'http://client/0004', 'http://logo/0004', 'contact-0004_1', 0, 'http://sector_id/0004', '', 'http://jwks/0004', 'http://request/0004_1', 'none', 'r_alg-0004', 'u_alg-0004', '', '', 4, '', CURRENT_TIMESTAMP, CURRENT_TIMESTAMP, '', false, '', '', false, '{}', '', '277dd36c-1d88-4883-a9bb-c332e7dd390f', '');
INSERT INTO hydra_client (id, nid, client_name, client_secret, redirect_uris, grant_types, response_types, scope, owner, policy_uri, tos_uri, client_uri, logo_uri, contacts, client_secret_expires_at, sector_identifier_uri, jwks, jwks_uri, request_uris, token_endpoint_auth_method, request_object_signing_alg, userinfo_signed_response_alg, subject_type, allowed_cors_origins, pk_deprecated, audience, created_at, updated_at, frontchannel_logout_uri, frontchannel_logout_session_required, post_logout_redirect_uris, backchannel_logout_uri, backchannel_logout_session_required, metadata, token_endpoint_auth_signing_alg, pk, registration_access_token_signature) VALUES ('client-0005', '24704dcb-0ab9-4bfa-a84c-405932ae53fe', 'Client 0005', 'secret-0005', 'http://redirect/0005_1', 'grant-0005_1', 'response-0005_1', 'scope-0005', 'owner-0005', 'http://policy/0005', 'http://tos/0005', 'http://client/0005', 'http://logo/0005', 'contact-0005_1', 0, 'http://sector_id/0005', '', 'http://jwks/0005', 'http://request/0005_1', 'token_auth-0005', 'r_alg-0005', 'u_alg-0005', '', '', 5, '', CURRENT_TIMESTAMP, CURRENT_TIMESTAMP, '', false, '', '', false, '{}', '', '604510c7-390d-4751-95bf-3be3a3bfb065', '');
INSERT INTO hydra_client (id, nid, client_name, client_secret, redirect_uris, grant_types, response_types, scope, owner, policy_uri, tos_uri, client_uri, logo_uri, contacts, client_secret_expires_at, sector_identifier_uri, jwks, jwks_uri, request_uris, token_endpoint_auth_method, request_object_signing_alg, userinfo_signed_response_alg, subject_type, allowed_cors_origins, pk_deprecated, audience, created_at, updated_at, frontchannel_logout_uri, frontchannel_logout_session_required, post_logout_redirect_uris, backchannel_logout_uri, backchannel_logout_session_required, metadata, token_endpoint_auth_signing_alg, pk, registration_access_token_signature) VALUES ('client-0006', '24704dcb-0ab9-4bfa-a84c-405932ae53fe', 'Client 0006', 'secret-0006', 'http://redirect/0006_1', 'grant-0006_1', 'response-0006_1', 'scope-0006', 'owner-0006', 'http://policy/0006', 'http://tos/0006', 'http://client/0006', 'http://logo/0006', 'contact-0006_1', 0, 'http://sector_id/0006', '', 'http://jwks/0006', 'http://request/0006_1', 'token_auth-0006', 'r_alg-0006', 'u_alg-0006', 'subject-0006', '', 6, '', CURRENT_TIMESTAMP, CURRENT_TIMESTAMP, '', false, '', '', false, '{}', '', '44de31b8-38cd-4873-93c9-a0e532427f0a', '');
INSERT INTO hydra_client (id, nid, client_name, client_secret, redirect_uris, grant_types, response_types, scope, owner, policy_uri, tos_uri, client_uri, logo_uri, contacts, client_secret_expires_at, sector_identifier_uri, jwks, jwks_uri, request_uris, token_endpoint_auth_method, request_object_signing_alg, userinfo_signed_response_alg, subject_type, allowed_cors_origins, pk_deprecated, audience, created_at, updated_at, frontchannel_logout_uri, frontchannel_logout_session_required, post_logout_redirect_uris, backchannel_logout_uri, backchannel_logout_session_required, metadata, token_endpoint_auth_signing_alg, pk, registration_access_token_signature) VALUES ('client-0007', '24704dcb-0ab9-4bfa-a84c-405932ae53fe', 'Client 0007', 'secret-0007', 'http://redirect/0007_1', 'grant-0007_1', 'response-0007_1', 'scope-0007', 'owner-0007', 'http://policy/0007', 'http://tos/0007', 'http://client/0007', 'http://logo/0007', 'contact-0007_1', 0, 'http://sector_id/0007', '', 'http://jwks/0007', 'http://request/0007_1', 'token_auth-0007', 'r_alg-0007', 'u_alg-0007', 'subject-0007', '', 7, '', CURRENT_TIMESTAMP, CURRENT_TIMESTAMP, '', false, '', '', false, '{}', '', '704488ca-c654-4e39-9f32-702a48f7ad40', '');
INSERT INTO hydra_client (id, nid, client_name, client_secret, redirect_uris, grant_types, response_types, scope, owner, policy_uri, tos_uri, client_uri, logo_uri, contacts, client_secret_expires_at, sector_identifier_uri, jwks, jwks_uri, request_uris, token_endpoint_auth_method, request_object_signing_alg, userinfo_signed_response_alg, subject_type, allowed_cors_origins, pk_deprecated, audience, created_at, updated_at, frontchannel_logout_uri, frontchannel_logout_session_required, post_logout_redirect_uris, backchannel_logout_uri, backchannel_logout_session_required, metadata, token_endpoint_auth_signing_alg, pk, registration_access_token_signature) VALUES ('client-0008', '24704dcb-0ab9-4bfa-a84c-405932ae53fe', 'Client 0008', 'secret-0008', 'http://redirect/0008_1', 'grant-0008_1', 'response-0008_1', 'scope-0008', 'owner-0008', 'http://policy/0008', 'http://tos/0008', 'http://client/0008', 'http://logo/0008', 'contact-0008_1', 0, 'http://sector_id/0008', '', 'http://jwks/0008', 'http://request/0008_1', 'token_auth-0008', 'r_alg-0008', 'u_alg-0008', 'subject-0008', 'http://cors/0008_1', 8, '', CURRENT_TIMESTAMP, CURRENT_TIMESTAMP, '', false, '', '', false, '{}', '', 'e64adc34-cdc7-4aeb-a1a0-d387af2d23e7', '');
INSERT INTO hydra_client (id, nid, client_name, client_secret, redirect_uris, grant_types, response_types, scope, owner, policy_uri, tos_uri, client_uri, logo_uri, contacts, client_secret_expires_at, sector_identifier_uri, jwks, jwks_uri, request_uris, token_endpoint_auth_method, request_object_signing_alg, userinfo_signed_response_alg, subject_type, allowed_cors_origins, pk_deprecated, audience, created_at, updated_at, frontchannel_logout_uri, frontchannel_logout_session_required, post_logout_redirect_uris, backchannel_logout_uri, backchannel_logout_session_required, metadata, token_endpoint_auth_signing_alg, pk, registration_access_token_signature) VALUES ('client-0009', '24704dcb-0ab9-4bfa-a84c-405932ae53fe', 'Client 0009', 'secret-0009', 'http://redirect/0009_1', 'grant-0009_1', 'response-0009_1', 'scope-0009', 'owner-0009', 'http://policy/0009', 'http://tos/0009', 'http://client/0009', 'http://logo/0009', 'contact-0009_1', 0, 'http://sector_id/0009', '', 'http://jwks/0009', 'http://request/0009_1', 'token_auth-0009', 'r_alg-0009', 'u_alg-0009', 'subject-0009', 'http://cors/0009_1', 9, '', CURRENT_TIMESTAMP, CURRENT_TIMESTAMP, '', false, '', '', false, '{}', '', '99c1528a-4ac4-46e2-a6e4-e09d0306fd7b', '');
INSERT INTO hydra_client (id, nid, client_name, client_secret, redirect_uris, grant_types, response_types, scope, owner, policy_uri, tos_uri, client_uri, logo_uri, contacts, client_secret_expires_at, sector_identifier_uri, jwks, jwks_uri, request_uris, token_endpoint_auth_method, request_object_signing_alg, userinfo_signed_response_alg, subject_type, allowed_cors_origins, pk_deprecated, audience, created_at, updated_at, frontchannel_logout_uri, frontchannel_logout_session_required, post_logout_redirect_uris, backchannel_logout_uri, backchannel_logout_session_required, metadata, token_endpoint_auth_signing_alg, pk, registration_access_token_signature) VALUES ('client-0010', '24704dcb-0ab9-4bfa-a84c-405932ae53fe', 'Client 0010', 'secret-0010', 'http://redirect/0010_1', 'grant-0010_1', 'response-0010_1', 'scope-0010', 'owner-0010', 'http://policy/0010', 'http://tos/0010', 'http://client/0010', 'http://logo/0010', 'contact-0010_1', 0, 'http://sector_id/0010', '', 'http://jwks/0010', 'http://request/0010_1', 'token_auth-0010', 'r_alg-0010', 'u_alg-0010', 'subject-0010', 'http://cors/0010_1', 10, '', CURRENT_TIMESTAMP, CURRENT_TIMESTAMP, '', false, '', '', false, '{}', '', 'ebda0ac9-0afd-4532-aec6-72c7bbd9e0dc', '');
INSERT INTO hydra_client (id, nid, client_name, client_secret, redirect_uris, grant_types, response_types, scope, owner, policy_uri, tos_uri, client_uri, logo_uri, contacts, client_secret_expires_at, sector_identifier_uri, jwks, jwks_uri, request_uris, token_endpoint_auth_method, request_object_signing_alg, userinfo_signed_response_alg, subject_type, allowed_cors_origins, pk_deprecated, audience, created_at, updated_at, frontchannel_logout_uri, frontchannel_logout_session_required, post_logout_redirect_uris, backchannel_logout_uri, backchannel_logout_session_required, metadata, token_endpoint_auth_signing_alg, pk, registration_access_token_signature) VALUES ('client-0011', '24704dcb-0ab9-4bfa-a84c-405932ae53fe', 'Client 0011', 'secret-0011', 'http://redirect/0011_1', 'grant-0011_1', 'response-0011_1', 'scope-0011', 'owner-0011', 'http://policy/0011', 'http://tos/0011', 'http://client/0011', 'http://logo/0011', 'contact-0011_1', 0, 'http://sector_id/0011', '', 'http://jwks/0011', 'http://request/0011_1', 'token_auth-0011', 'r_alg-0011', 'u_alg-0011', 'subject-0011', 'http://cors/0011_1', 11, 'autdience-0011_1', CURRENT_TIMESTAMP, CURRENT_TIMESTAMP, '', false, '', '', false, '{}', '', '93311fb4-f5a6-4510-95dc-06cd0cfaa03b', '');
INSERT INTO hydra_client (id, nid, client_name, client_secret, redirect_uris, grant_types, response_types, scope, owner, policy_uri, tos_uri, client_uri, logo_uri, contacts, client_secret_expires_at, sector_identifier_uri, jwks, jwks_uri, request_uris, token_endpoint_auth_method, request_object_signing_alg, userinfo_signed_response_alg, subject_type, allowed_cors_origins, pk_deprecated, audience, created_at, updated_at, frontchannel_logout_uri, frontchannel_logout_session_required, post_logout_redirect_uris, backchannel_logout_uri, backchannel_logout_session_required, metadata, token_endpoint_auth_signing_alg, pk, registration_access_token_signature) VALUES ('client-0012', '24704dcb-0ab9-4bfa-a84c-405932ae53fe', 'Client 0012', 'secret-0012', 'http://redirect/0012_1', 'grant-0012_1', 'response-0012_1', 'scope-0012', 'owner-0012', 'http://policy/0012', 'http://tos/0012', 'http://client/0012', 'http://logo/0012', 'contact-0012_1', 0, 'http://sector_id/0012', '', 'http://jwks/0012', 'http://request/0012_1', 'token_auth-0012', 'r_alg-0012', 'u_alg-0012', 'subject-0012', 'http://cors/0012_1', 12, 'autdience-0012_1', '2022-02-15 22:20:20', '2022-02-15 22:20:20', '', false, '', '', false, '{}', '', 'e7206da5-155b-4194-9536-caa54442a470', '');
INSERT INTO hydra_client (id, nid, client_name, client_secret, redirect_uris, grant_types, response_types, scope, owner, policy_uri, tos_uri, client_uri, logo_uri, contacts, client_secret_expires_at, sector_identifier_uri, jwks, jwks_uri, request_uris, token_endpoint_auth_method, request_object_signing_alg, userinfo_signed_response_alg, subject_type, allowed_cors_origins, pk_deprecated, audience, created_at, updated_at, frontchannel_logout_uri, frontchannel_logout_session_required, post_logout_redirect_uris, backchannel_logout_uri, backchannel_logout_session_required, metadata, token_endpoint_auth_signing_alg, pk, registration_access_token_signature) VALUES ('client-0013', '24704dcb-0ab9-4bfa-a84c-405932ae53fe', 'Client 0013', 'secret-0013', 'http://redirect/0013_1', 'grant-0013_1', 'response-0013_1', 'scope-0013', 'owner-0013', 'http://policy/0013', 'http://tos/0013', 'http://client/0013', 'http://logo/0013', 'contact-0013_1', 0, 'http://sector_id/0013', '', 'http://jwks/0013', 'http://request/0013_1', 'token_auth-0013', 'r_alg-0013', 'u_alg-0013', 'subject-0013', 'http://cors/0013_1', 13, 'autdience-0013_1', '2022-02-15 22:20:20', '2022-02-15 22:20:20', 'http://front_logout/0013', true, 'http://post_redirect/0013_1', 'http://back_logout/0013', true, '{}', '', '0f309b7d-61d5-495f-bdfa-4836edcbb26d', '');
INSERT INTO hydra_client (id, nid, client_name, client_secret, redirect_uris, grant_types, response_types, scope, owner, policy_uri, tos_uri, client_uri, logo_uri, contacts, client_secret_expires_at, sector_identifier_uri, jwks, jwks_uri, request_uris, token_endpoint_auth_method, request_object_signing_alg, userinfo_signed_response_alg, subject_type, allowed_cors_origins, pk_deprecated, audience, created_at, updated_at, frontchannel_logout_uri, frontchannel_logout_session_required, post_logout_redirect_uris, backchannel_logout_uri, backchannel_logout_session_required, metadata, token_endpoint_auth_signing_alg, pk, registration_access_token_signature) VALUES ('client-0014', '24704dcb-0ab9-4bfa-a84c-405932ae53fe', 'Client 0014', 'secret-0014', 'http://redirect/0014_1', 'grant-0014_1', 'response-0014_1', 'scope-0014', 'owner-0014', 'http://policy/0014', 'http://tos/0014', 'http://client/0014', 'http://logo/0014', 'contact-0014_1', 0, 'http://sector_id/0014', '', 'http://jwks/0014', 'http://request/0014_1', 'token_auth-0014', 'r_alg-0014', 'u_alg-0014', 'subject-0014', 'http://cors/0014_1', 14, 'autdience-0014_1', '2022-02-15 22:20:21', '2022-02-15 22:20:21', 'http://front_logout/0014', true, 'http://post_redirect/0014_1', 'http://back_logout/0014', true, '{"migration": "0014"}', '', '928e8098-c3b5-499b-af29-938bb55462e9', '');
INSERT INTO hydra_client (id, nid, client_name, client_secret, redirect_uris, grant_types, response_types, scope, owner, policy_uri, tos_uri, client_uri, logo_uri, contacts, client_secret_expires_at, sector_identifier_uri, jwks, jwks_uri, request_uris, token_endpoint_auth_method, request_object_signing_alg, userinfo_signed_response_alg, subject_type, allowed_cors_origins, pk_deprecated, audience, created_at, updated_at, frontchannel_logout_uri, frontchannel_logout_session_required, post_logout_redirect_uris, backchannel_logout_uri, backchannel_logout_session_required, metadata, token_endpoint_auth_signing_alg, pk, registration_access_token_signature) VALUES ('client-2005', '24704dcb-0ab9-4bfa-a84c-405932ae53fe', 'Client 2005', 'secret-2005', 'http://redirect/2005_1', 'grant-2005_1', 'response-2005_1', 'scope-2005', 'owner-2005', 'http://policy/2005', 'http://tos/2005', 'http://client/2005', 'http://logo/2005', 'contact-2005_1', 0, 'http://sector_id/2005', '', 'http://jwks/2005', 'http://request/2005_1', 'token_auth-2005', 'r_alg-2005', 'u_alg-2005', 'subject-2005', 'http://cors/2005_1', 2005, 'autdience-2005_1', '2022-02-15 22:20:22', '2022-02-15 22:20:22', 'http://front_logout/2005', true, 'http://post_redirect/2005_1', 'http://back_logout/2005', true, '{"migration": "2005"}', '', 'afaabbc2-def3-4663-a6e0-6eb08efd6904', '');
INSERT INTO hydra_client (id, nid, client_name, client_secret, redirect_uris, grant_types, response_types, scope, owner, policy_uri, tos_uri, client_uri, logo_uri, contacts, client_secret_expires_at, sector_identifier_uri, jwks, jwks_uri, request_uris, token_endpoint_auth_method, request_object_signing_alg, userinfo_signed_response_alg, subject_type, allowed_cors_origins, pk_deprecated, audience, created_at, updated_at, frontchannel_logout_uri, frontchannel_logout_session_required, post_logout_redirect_uris, backchannel_logout_uri, backchannel_logout_session_required, metadata, token_endpoint_auth_signing_alg, pk, registration_access_token_signature) VALUES ('client-20', '24704dcb-0ab9-4bfa-a84c-405932ae53fe', 'Client 20', 'secret-20', 'http://redirect/20_1', 'grant-20_1', 'response-20_1', 'scope-20', 'owner-20', 'http://policy/20', 'http://tos/20', 'http://client/20', 'http://logo/20', 'contact-20_1', 0, 'http://sector_id/20', '', 'http://jwks/20', 'http://request/20_1', 'token_auth-20', 'r_alg-20', 'u_alg-20', 'subject-20', 'http://cors/20_1', 0, 'autdience-20_1', '2022-02-15 22:20:23', '2022-02-15 22:20:23', 'http://front_logout/20', true, 'http://post_redirect/20_1', 'http://back_logout/20', true, '{"migration": "20"}', '', '08f4a4b7-6601-4fd7-bb7f-29ec0681b86d', '');

INSERT INTO hydra_jwk (sid, kid, nid, version, keydata, created_at, pk_deprecated, pk) VALUES ('sid-0001', 'kid-0001', '24704dcb-0ab9-4bfa-a84c-405932ae53fe', 1, 'key-0001', CURRENT_TIMESTAMP, 1, '593ff81f-a21e-4d29-b276-bdce7b5a33df');
INSERT INTO hydra_jwk (sid, kid, nid, version, keydata, created_at, pk_deprecated, pk) VALUES ('sid-0002', 'kid-0002', '24704dcb-0ab9-4bfa-a84c-405932ae53fe', 2, 'key-0002', '2022-02-15 22:20:21', 2, '609b0140-8d03-4d1b-aef1-91b86da5e6be');
INSERT INTO hydra_jwk (sid, kid, nid, version, keydata, created_at, pk_deprecated, pk) VALUES ('sid-0003', 'kid-0003', '24704dcb-0ab9-4bfa-a84c-405932ae53fe', 3, 'key-0003', '2022-02-15 22:20:21', 3, 'edd5c644-c3fe-43ce-9e80-9acd1f310ecc');
INSERT INTO hydra_jwk (sid, kid, nid, version, keydata, created_at, pk_deprecated, pk) VALUES ('sid-0004', 'kid-0004', '24704dcb-0ab9-4bfa-a84c-405932ae53fe', 4, 'key-0004', '2022-02-15 22:20:21', 4, 'a6e7382c-6e30-4553-a67f-4d9bf32118b4');
INSERT INTO hydra_jwk (sid, kid, nid, version, keydata, created_at, pk_deprecated, pk) VALUES ('sid-0005', 'kid-0005', '24704dcb-0ab9-4bfa-a84c-405932ae53fe', 4, 'key-0005', '2022-02-15 22:20:23', 4, '94075738-c3e7-41bc-a7a5-89aece609c39');
INSERT INTO hydra_jwk (sid, kid, nid, version, keydata, created_at, pk_deprecated, pk) VALUES ('sid-0008', 'kid-0008', '24704dcb-0ab9-4bfa-a84c-405932ae53fe', 2, 'key-0002', '2022-02-15 22:20:23', 5, 'e18d8447-3ec2-42d9-a3ad-e7cca8aa81f0');

INSERT INTO hydra_oauth2_authentication_session (id, authenticated_at, subject, nid, remember) VALUES ('auth_session-0001', '2022-02-15 22:20:21', 'subject-0001', '24704dcb-0ab9-4bfa-a84c-405932ae53fe', true);
INSERT INTO hydra_oauth2_authentication_session (id, authenticated_at, subject, nid, remember) VALUES ('auth_session-0002', '2022-02-15 22:20:21', 'subject-0002', '24704dcb-0ab9-4bfa-a84c-405932ae53fe', true);
INSERT INTO hydra_oauth2_authentication_session (id, authenticated_at, subject, nid, remember) VALUES ('auth_session-0003', '2022-02-15 22:20:21', 'subject-0003', '24704dcb-0ab9-4bfa-a84c-405932ae53fe', true);
INSERT INTO hydra_oauth2_authentication_session (id, authenticated_at, subject, nid, remember) VALUES ('auth_session-0004', '2022-02-15 22:20:21', 'subject-0004', '24704dcb-0ab9-4bfa-a84c-405932ae53fe', true);
INSERT INTO hydra_oauth2_authentication_session (id, authenticated_at, subject, nid, remember) VALUES ('auth_session-0005', '2022-02-15 22:20:21', 'subject-0005', '24704dcb-0ab9-4bfa-a84c-405932ae53fe', true);
INSERT INTO hydra_oauth2_authentication_session (id, authenticated_at, subject, nid, remember) VALUES ('auth_session-0006', '2022-02-15 22:20:21', 'subject-0006', '24704dcb-0ab9-4bfa-a84c-405932ae53fe', true);
INSERT INTO hydra_oauth2_authentication_session (id, authenticated_at, subject, nid, remember) VALUES ('auth_session-0007', '2022-02-15 22:20:21', 'subject-0007', '24704dcb-0ab9-4bfa-a84c-405932ae53fe', true);
INSERT INTO hydra_oauth2_authentication_session (id, authenticated_at, subject, nid, remember) VALUES ('auth_session-0008', '2022-02-15 22:20:21', 'subject-0008', '24704dcb-0ab9-4bfa-a84c-405932ae53fe', true);
INSERT INTO hydra_oauth2_authentication_session (id, authenticated_at, subject, nid, remember) VALUES ('auth_session-0009', '2022-02-15 22:20:21', 'subject-0009', '24704dcb-0ab9-4bfa-a84c-405932ae53fe', true);
INSERT INTO hydra_oauth2_authentication_session (id, authenticated_at, subject, nid, remember) VALUES ('auth_session-0010', '2022-02-15 22:20:21', 'subject-0010', '24704dcb-0ab9-4bfa-a84c-405932ae53fe', true);
INSERT INTO hydra_oauth2_authentication_session (id, authenticated_at, subject, nid, remember) VALUES ('auth_session-0011', '2022-02-15 22:20:21', 'subject-0011', '24704dcb-0ab9-4bfa-a84c-405932ae53fe', false);
INSERT INTO hydra_oauth2_authentication_session (id, authenticated_at, subject, nid, remember) VALUES ('auth_session-0012', '2022-02-15 22:20:21', 'subject-0012', '24704dcb-0ab9-4bfa-a84c-405932ae53fe', false);
INSERT INTO hydra_oauth2_authentication_session (id, authenticated_at, subject, nid, remember) VALUES ('auth_session-0013', '2022-02-15 22:20:21', 'subject-0013', '24704dcb-0ab9-4bfa-a84c-405932ae53fe', false);
INSERT INTO hydra_oauth2_authentication_session (id, authenticated_at, subject, nid, remember) VALUES ('auth_session-0014', '2022-02-15 22:20:21', 'subject-0014', '24704dcb-0ab9-4bfa-a84c-405932ae53fe', false);

INSERT INTO hydra_oauth2_flow (login_challenge, nid, requested_scope, login_verifier, login_csrf, subject, request_url, login_skip, client_id, requested_at, oidc_context, login_session_id, requested_at_audience, login_initialized_at, state, login_remember, login_remember_for, login_error, acr, login_authenticated_at, login_was_used, forced_subject_identifier, context, amr, consent_challenge_id, consent_verifier, consent_skip, consent_csrf, granted_scope, consent_remember, consent_remember_for, consent_error, session_access_token, session_id_token, consent_was_used, granted_at_audience, consent_handled_at) VALUES ('challenge-0003', '24704dcb-0ab9-4bfa-a84c-405932ae53fe', 'requested_scope-0003_1', 'verifier-0003', 'csrf-0003', 'subject-0003', 'http://request/0003', true, 'client-0014', '2022-02-15 22:20:21', '{"display": "display-0003"}', 'auth_session-0003', '', '2022-02-15 22:20:21', 128, true, 3, '{}', 'acr-0003', '2022-02-15 22:20:21', true, 'force_subject_id-0003', '{}', '', 'challenge-0003', 'verifier-0003', true, 'csrf-0003', 'granted_scope-0003_1', true, 3, '{}', '{"session_access_token-0003": "0003"}', '{"session_id_token-0003": "0003"}', true, '', NULL);
INSERT INTO hydra_oauth2_flow (login_challenge, nid, requested_scope, login_verifier, login_csrf, subject, request_url, login_skip, client_id, requested_at, oidc_context, login_session_id, requested_at_audience, login_initialized_at, state, login_remember, login_remember_for, login_error, acr, login_authenticated_at, login_was_used, forced_subject_identifier, context, amr, consent_challenge_id, consent_verifier, consent_skip, consent_csrf, granted_scope, consent_remember, consent_remember_for, consent_error, session_access_token, session_id_token, consent_was_used, granted_at_audience, consent_handled_at) VALUES ('challenge-0004', '24704dcb-0ab9-4bfa-a84c-405932ae53fe', 'requested_scope-0004_1', 'verifier-0004', 'csrf-0004', 'subject-0004', 'http://request/0004', true, 'client-0014', '2022-02-15 22:20:21', '{"display": "display-0004"}', 'auth_session-0004', 'requested_audience-0004_1', '2022-02-15 22:20:21', 128, true, 4, '{}', 'acr-0004', '2022-02-15 22:20:21', true, 'force_subject_id-0004', '{}', '', 'challenge-0004', 'verifier-0004', true, 'csrf-0004', 'granted_scope-0004_1', true, 4, '{}', '{"session_access_token-0004": "0004"}', '{"session_id_token-0004": "0004"}', true, 'granted_audience-0004_1', NULL);
INSERT INTO hydra_oauth2_flow (login_challenge, nid, requested_scope, login_verifier, login_csrf, subject, request_url, login_skip, client_id, requested_at, oidc_context, login_session_id, requested_at_audience, login_initialized_at, state, login_remember, login_remember_for, login_error, acr, login_authenticated_at, login_was_used, forced_subject_identifier, context, amr, consent_challenge_id, consent_verifier, consent_skip, consent_csrf, granted_scope, consent_remember, consent_remember_for, consent_error, session_access_token, session_id_token, consent_was_used, granted_at_audience, consent_handled_at) VALUES ('challenge-0005', '24704dcb-0ab9-4bfa-a84c-405932ae53fe', 'requested_scope-0005_1', 'verifier-0005', 'csrf-0005', 'subject-0005', 'http://request/0005', true, 'client-0014', '2022-02-15 22:20:21', '{"display": "display-0005"}', 'auth_session-0005', 'requested_audience-0005_1', '2022-02-15 22:20:21', 128, true, 5, '{}', 'acr-0005', '2022-02-15 22:20:21', true, 'force_subject_id-0005', '{}', '', 'challenge-0005', 'verifier-0005', true, 'csrf-0005', 'granted_scope-0005_1', true, 5, '{}', '{"session_access_token-0005": "0005"}', '{"session_id_token-0005": "0005"}', true, 'granted_audience-0005_1', NULL);
INSERT INTO hydra_oauth2_flow (login_challenge, nid, requested_scope, login_verifier, login_csrf, subject, request_url, login_skip, client_id, requested_at, oidc_context, login_session_id, requested_at_audience, login_initialized_at, state, login_remember, login_remember_for, login_error, acr, login_authenticated_at, login_was_used, forced_subject_identifier, context, amr, consent_challenge_id, consent_verifier, consent_skip, consent_csrf, granted_scope, consent_remember, consent_remember_for, consent_error, session_access_token, session_id_token, consent_was_used, granted_at_audience, consent_handled_at) VALUES ('challenge-0006', '24704dcb-0ab9-4bfa-a84c-405932ae53fe', 'requested_scope-0006_1', 'verifier-0006', 'csrf-0006', 'subject-0006', 'http://request/0006', true, 'client-0014', '2022-02-15 22:20:21', '{"display": "display-0006"}', 'auth_session-0006', 'requested_audience-0006_1', '2022-02-15 22:20:21', 128, true, 6, '{}', 'acr-0006', '2022-02-15 22:20:21', true, 'force_subject_id-0006', '{}', '', 'challenge-0006', 'verifier-0006', true, 'csrf-0006', 'granted_scope-0006_1', true, 6, '{}', '{"session_access_token-0006": "0006"}', '{"session_id_token-0006": "0006"}', true, 'granted_audience-0006_1', NULL);
INSERT INTO hydra_oauth2_flow (login_challenge, nid, requested_scope, login_verifier, login_csrf, subject, request_url, login_skip, client_id, requested_at, oidc_context, login_session_id, requested_at_audience, login_initialized_at, state, login_remember, login_remember_for, login_error, acr, login_authenticated_at, login_was_used, forced_subject_identifier, context, amr, consent_challenge_id, consent_verifier, consent_skip, consent_csrf, granted_scope, consent_remember, consent_remember_for, consent_error, session_access_token, session_id_token, consent_was_used, granted_at_audience, consent_handled_at) VALUES ('challenge-0001', '24704dcb-0ab9-4bfa-a84c-405932ae53fe', 'requested_scope-0001_1', 'verifier-0001', 'csrf-0001', 'subject-0001', 'http://request/0001', true, 'client-0014', '2022-02-15 22:20:21', '{"display": "display-0001"}', NULL, '', '2022-02-15 22:20:21', 128, true, 1, '{}', 'acr-0001', '2022-02-15 22:20:21', true, '', '{}', '', 'challenge-0001', 'verifier-0001', true, 'csrf-0001', 'granted_scope-0001_1', true, 1, '{}', '{"session_access_token-0001": "0001"}', '{"session_id_token-0001": "0001"}', true, '', NULL);
INSERT INTO hydra_oauth2_flow (login_challenge, nid, requested_scope, login_verifier, login_csrf, subject, request_url, login_skip, client_id, requested_at, oidc_context, login_session_id, requested_at_audience, login_initialized_at, state, login_remember, login_remember_for, login_error, acr, login_authenticated_at, login_was_used, forced_subject_identifier, context, amr, consent_challenge_id, consent_verifier, consent_skip, consent_csrf, granted_scope, consent_remember, consent_remember_for, consent_error, session_access_token, session_id_token, consent_was_used, granted_at_audience, consent_handled_at) VALUES ('challenge-0002', '24704dcb-0ab9-4bfa-a84c-405932ae53fe', 'requested_scope-0002_1', 'verifier-0002', 'csrf-0002', 'subject-0002', 'http://request/0002', true, 'client-0014', '2022-02-15 22:20:21', '{"display": "display-0002"}', NULL, '', '2022-02-15 22:20:21', 128, true, 2, '{}', 'acr-0002', '2022-02-15 22:20:21', true, 'force_subject_id-0002', '{}', '', 'challenge-0002', 'verifier-0002', true, 'csrf-0002', 'granted_scope-0002_1', true, 2, '{}', '{"session_access_token-0002": "0002"}', '{"session_id_token-0002": "0002"}', true, '', NULL);
INSERT INTO hydra_oauth2_flow (login_challenge, nid, requested_scope, login_verifier, login_csrf, subject, request_url, login_skip, client_id, requested_at, oidc_context, login_session_id, requested_at_audience, login_initialized_at, state, login_remember, login_remember_for, login_error, acr, login_authenticated_at, login_was_used, forced_subject_identifier, context, amr, consent_challenge_id, consent_verifier, consent_skip, consent_csrf, granted_scope, consent_remember, consent_remember_for, consent_error, session_access_token, session_id_token, consent_was_used, granted_at_audience, consent_handled_at) VALUES ('challenge-0007', '24704dcb-0ab9-4bfa-a84c-405932ae53fe', 'requested_scope-0007_1', 'verifier-0007', 'csrf-0007', 'subject-0007', 'http://request/0007', true, 'client-0014', '2022-02-15 22:20:21', '{"display": "display-0007"}', 'auth_session-0007', 'requested_audience-0007_1', '2022-02-15 22:20:21', 128, true, 7, '{}', 'acr-0007', '2022-02-15 22:20:21', true, 'force_subject_id-0007', '{}', '', 'challenge-0007', 'verifier-0007', true, 'csrf-0007', 'granted_scope-0007_1', true, 7, '{}', '{"session_access_token-0007": "0007"}', '{"session_id_token-0007": "0007"}', true, 'granted_audience-0007_1', NULL);
INSERT INTO hydra_oauth2_flow (login_challenge, nid, requested_scope, login_verifier, login_csrf, subject, request_url, login_skip, client_id, requested_at, oidc_context, login_session_id, requested_at_audience, login_initialized_at, state, login_remember, login_remember_for, login_error, acr, login_authenticated_at, login_was_used, forced_subject_identifier, context, amr, consent_challenge_id, consent_verifier, consent_skip, consent_csrf, granted_scope, consent_remember, consent_remember_for, consent_error, session_access_token, session_id_token, consent_was_used, granted_at_audience, consent_handled_at) VALUES ('challenge-0008', '24704dcb-0ab9-4bfa-a84c-405932ae53fe', 'requested_scope-0008_1', 'verifier-0008', 'csrf-0008', 'subject-0008', 'http://request/0008', true, 'client-0014', '2022-02-15 22:20:21', '{"display": "display-0008"}', 'auth_session-0008', 'requested_audience-0008_1', '2022-02-15 22:20:21', 128, true, 8, '{}', 'acr-0008', '2022-02-15 22:20:21', true, 'force_subject_id-0008', '{"context": "0008"}', '', 'challenge-0008', 'verifier-0008', true, 'csrf-0008', 'granted_scope-0008_1', true, 8, '{}', '{"session_access_token-0008": "0008"}', '{"session_id_token-0008": "0008"}', true, 'granted_audience-0008_1', NULL);
INSERT INTO hydra_oauth2_flow (login_challenge, nid, requested_scope, login_verifier, login_csrf, subject, request_url, login_skip, client_id, requested_at, oidc_context, login_session_id, requested_at_audience, login_initialized_at, state, login_remember, login_remember_for, login_error, acr, login_authenticated_at, login_was_used, forced_subject_identifier, context, amr, consent_challenge_id, consent_verifier, consent_skip, consent_csrf, granted_scope, consent_remember, consent_remember_for, consent_error, session_access_token, session_id_token, consent_was_used, granted_at_audience, consent_handled_at) VALUES ('challenge-0009', '24704dcb-0ab9-4bfa-a84c-405932ae53fe', 'requested_scope-0009_1', 'verifier-0009', 'csrf-0009', 'subject-0009', 'http://request/0009', true, 'client-0014', '2022-02-15 22:20:21', '{"display": "display-0009"}', 'auth_session-0009', 'requested_audience-0009_1', '2022-02-15 22:20:21', 128, true, 9, '{}', 'acr-0009', '2022-02-15 22:20:21', true, 'force_subject_id-0009', '{"context": "0009"}', '', 'challenge-0009', 'verifier-0009', true, 'csrf-0009', 'granted_scope-0009_1', true, 9, '{}', '{"session_access_token-0009": "0009"}', '{"session_id_token-0009": "0009"}', true, 'granted_audience-0009_1', NULL);
INSERT INTO hydra_oauth2_flow (login_challenge, nid, requested_scope, login_verifier, login_csrf, subject, request_url, login_skip, client_id, requested_at, oidc_context, login_session_id, requested_at_audience, login_initialized_at, state, login_remember, login_remember_for, login_error, acr, login_authenticated_at, login_was_used, forced_subject_identifier, context, amr, consent_challenge_id, consent_verifier, consent_skip, consent_csrf, granted_scope, consent_remember, consent_remember_for, consent_error, session_access_token, session_id_token, consent_was_used, granted_at_audience, consent_handled_at) VALUES ('challenge-0010', '24704dcb-0ab9-4bfa-a84c-405932ae53fe', 'requested_scope-0010_1', 'verifier-0010', 'csrf-0010', 'subject-0010', 'http://request/0010', true, 'client-0014', '2022-02-15 22:20:21', '{"display": "display-0010"}', 'auth_session-0010', 'requested_audience-0010_1', '2022-02-15 22:20:21', 128, true, 10, '{}', 'acr-0010', '2022-02-15 22:20:21', true, 'force_subject_id-0010', '{"context": "0010"}', '', 'challenge-0010', 'verifier-0010', true, 'csrf-0010', 'granted_scope-0010_1', true, 10, '{}', '{"session_access_token-0010": "0010"}', '{"session_id_token-0010": "0010"}', true, 'granted_audience-0010_1', NULL);
INSERT INTO hydra_oauth2_flow (login_challenge, nid, requested_scope, login_verifier, login_csrf, subject, request_url, login_skip, client_id, requested_at, oidc_context, login_session_id, requested_at_audience, login_initialized_at, state, login_remember, login_remember_for, login_error, acr, login_authenticated_at, login_was_used, forced_subject_identifier, context, amr, consent_challenge_id, consent_verifier, consent_skip, consent_csrf, granted_scope, consent_remember, consent_remember_for, consent_error, session_access_token, session_id_token, consent_was_used, granted_at_audience, consent_handled_at) VALUES ('challenge-0011', '24704dcb-0ab9-4bfa-a84c-405932ae53fe', 'requested_scope-0011_1', 'verifier-0011', 'csrf-0011', 'subject-0011', 'http://request/0011', true, 'client-0014', '2022-02-15 22:20:21', '{"display": "display-0011"}', 'auth_session-0011', 'requested_audience-0011_1', '2022-02-15 22:20:21', 128, true, 11, '{}', 'acr-0011', '2022-02-15 22:20:21', true, 'force_subject_id-0011', '{"context": "0011"}', '', 'challenge-0011', 'verifier-0011', true, 'csrf-0011', 'granted_scope-0011_1', true, 11, '{}', '{"session_access_token-0011": "0011"}', '{"session_id_token-0011": "0011"}', true, 'granted_audience-0011_1', NULL);
INSERT INTO hydra_oauth2_flow (login_challenge, nid, requested_scope, login_verifier, login_csrf, subject, request_url, login_skip, client_id, requested_at, oidc_context, login_session_id, requested_at_audience, login_initialized_at, state, login_remember, login_remember_for, login_error, acr, login_authenticated_at, login_was_used, forced_subject_identifier, context, amr, consent_challenge_id, consent_verifier, consent_skip, consent_csrf, granted_scope, consent_remember, consent_remember_for, consent_error, session_access_token, session_id_token, consent_was_used, granted_at_audience, consent_handled_at) VALUES ('challenge-0012', '24704dcb-0ab9-4bfa-a84c-405932ae53fe', 'requested_scope-0012_1', 'verifier-0012', 'csrf-0012', 'subject-0012', 'http://request/0012', true, 'client-0014', '2022-02-15 22:20:21', '{"display": "display-0012"}', 'auth_session-0012', 'requested_audience-0012_1', '2022-02-15 22:20:21', 128, true, 12, '{}', 'acr-0012', '2022-02-15 22:20:21', true, 'force_subject_id-0012', '{"context": "0012"}', '', 'challenge-0012', 'verifier-0012', true, 'csrf-0012', 'granted_scope-0012_1', true, 12, '{}', '{"session_access_token-0012": "0012"}', '{"session_id_token-0012": "0012"}', true, 'granted_audience-0012_1', NULL);
INSERT INTO hydra_oauth2_flow (login_challenge, nid, requested_scope, login_verifier, login_csrf, subject, request_url, login_skip, client_id, requested_at, oidc_context, login_session_id, requested_at_audience, login_initialized_at, state, login_remember, login_remember_for, login_error, acr, login_authenticated_at, login_was_used, forced_subject_identifier, context, amr, consent_challenge_id, consent_verifier, consent_skip, consent_csrf, granted_scope, consent_remember, consent_remember_for, consent_error, session_access_token, session_id_token, consent_was_used, granted_at_audience, consent_handled_at) VALUES ('challenge-0013', '24704dcb-0ab9-4bfa-a84c-405932ae53fe', 'requested_scope-0013_1', 'verifier-0013', 'csrf-0013', 'subject-0013', 'http://request/0013', true, 'client-0014', '2022-02-15 22:20:21', '{"display": "display-0013"}', 'auth_session-0013', 'requested_audience-0013_1', '2022-02-15 22:20:21', 128, true, 13, '{}', 'acr-0013', '2022-02-15 22:20:21', true, 'force_subject_id-0013', '{"context": "0013"}', '', 'challenge-0013', 'verifier-0013', true, 'csrf-0013', 'granted_scope-0013_1', true, 13, '{}', '{"session_access_token-0013": "0013"}', '{"session_id_token-0013": "0013"}', true, 'granted_audience-0013_1', NULL);
INSERT INTO hydra_oauth2_flow (login_challenge, nid, requested_scope, login_verifier, login_csrf, subject, request_url, login_skip, client_id, requested_at, oidc_context, login_session_id, requested_at_audience, login_initialized_at, state, login_remember, login_remember_for, login_error, acr, login_authenticated_at, login_was_used, forced_subject_identifier, context, amr, consent_challenge_id, consent_verifier, consent_skip, consent_csrf, granted_scope, consent_remember, consent_remember_for, consent_error, session_access_token, session_id_token, consent_was_used, granted_at_audience, consent_handled_at) VALUES ('challenge-0014', '24704dcb-0ab9-4bfa-a84c-405932ae53fe', 'requested_scope-0014_1', 'verifier-0014', 'csrf-0014', 'subject-0014', 'http://request/0014', true, 'client-0014', '2022-02-15 22:20:21', '{"display": "display-0014"}', 'auth_session-0014', 'requested_audience-0014_1', '2022-02-15 22:20:21', 128, true, 14, '{}', 'acr-0014', '2022-02-15 22:20:21', true, 'force_subject_id-0014', '{"context": "0014"}', '', 'challenge-0014', 'verifier-0014', true, 'csrf-0014', 'granted_scope-0014_1', true, 14, '{}', '{"session_access_token-0014": "0014"}', '{"session_id_token-0014": "0014"}', true, 'granted_audience-0014_1', '2022-02-15 22:20:21');

INSERT INTO hydra_oauth2_obfuscated_authentication_session (subject, client_id, subject_obfuscated, nid) VALUES ('subject-0002', 'client-0014', 'subject_obfuscated-0002', '24704dcb-0ab9-4bfa-a84c-405932ae53fe');
INSERT INTO hydra_oauth2_obfuscated_authentication_session (subject, client_id, subject_obfuscated, nid) VALUES ('subject-0003', 'client-0014', 'subject_obfuscated-0003', '24704dcb-0ab9-4bfa-a84c-405932ae53fe');
INSERT INTO hydra_oauth2_obfuscated_authentication_session (subject, client_id, subject_obfuscated, nid) VALUES ('subject-0004', 'client-0014', 'subject_obfuscated-0004', '24704dcb-0ab9-4bfa-a84c-405932ae53fe');
INSERT INTO hydra_oauth2_obfuscated_authentication_session (subject, client_id, subject_obfuscated, nid) VALUES ('subject-0005', 'client-0014', 'subject_obfuscated-0005', '24704dcb-0ab9-4bfa-a84c-405932ae53fe');
INSERT INTO hydra_oauth2_obfuscated_authentication_session (subject, client_id, subject_obfuscated, nid) VALUES ('subject-0006', 'client-0014', 'subject_obfuscated-0006', '24704dcb-0ab9-4bfa-a84c-405932ae53fe');
INSERT INTO hydra_oauth2_obfuscated_authentication_session (subject, client_id, subject_obfuscated, nid) VALUES ('subject-0007', 'client-0014', 'subject_obfuscated-0007', '24704dcb-0ab9-4bfa-a84c-405932ae53fe');
INSERT INTO hydra_oauth2_obfuscated_authentication_session (subject, client_id, subject_obfuscated, nid) VALUES ('subject-0008', 'client-0014', 'subject_obfuscated-0008', '24704dcb-0ab9-4bfa-a84c-405932ae53fe');
INSERT INTO hydra_oauth2_obfuscated_authentication_session (subject, client_id, subject_obfuscated, nid) VALUES ('subject-0009', 'client-0014', 'subject_obfuscated-0009', '24704dcb-0ab9-4bfa-a84c-405932ae53fe');
INSERT INTO hydra_oauth2_obfuscated_authentication_session (subject, client_id, subject_obfuscated, nid) VALUES ('subject-0010', 'client-0014', 'subject_obfuscated-0010', '24704dcb-0ab9-4bfa-a84c-405932ae53fe');
INSERT INTO hydra_oauth2_obfuscated_authentication_session (subject, client_id, subject_obfuscated, nid) VALUES ('subject-0011', 'client-0014', 'subject_obfuscated-0011', '24704dcb-0ab9-4bfa-a84c-405932ae53fe');
INSERT INTO hydra_oauth2_obfuscated_authentication_session (subject, client_id, subject_obfuscated, nid) VALUES ('subject-0012', 'client-0014', 'subject_obfuscated-0012', '24704dcb-0ab9-4bfa-a84c-405932ae53fe');
INSERT INTO hydra_oauth2_obfuscated_authentication_session (subject, client_id, subject_obfuscated, nid) VALUES ('subject-0013', 'client-0014', 'subject_obfuscated-0013', '24704dcb-0ab9-4bfa-a84c-405932ae53fe');
INSERT INTO hydra_oauth2_obfuscated_authentication_session (subject, client_id, subject_obfuscated, nid) VALUES ('subject-0014', 'client-0014', 'subject_obfuscated-0014', '24704dcb-0ab9-4bfa-a84c-405932ae53fe');

INSERT INTO hydra_oauth2_logout_request (challenge, verifier, subject, sid, client_id, nid, request_url, redir_url, was_used, accepted, rejected, rp_initiated) VALUES ('challenge-0009', 'verifier-0009', 'subject-0009', 'session_id-0009', 'client-0014', '24704dcb-0ab9-4bfa-a84c-405932ae53fe', 'http://request/0009', 'http://post_logout/0009', true, true, false, true);
INSERT INTO hydra_oauth2_logout_request (challenge, verifier, subject, sid, client_id, nid, request_url, redir_url, was_used, accepted, rejected, rp_initiated) VALUES ('challenge-0010', 'verifier-0010', 'subject-0010', 'session_id-0010', 'client-0014', '24704dcb-0ab9-4bfa-a84c-405932ae53fe', 'http://request/0010', 'http://post_logout/0010', true, true, false, true);
INSERT INTO hydra_oauth2_logout_request (challenge, verifier, subject, sid, client_id, nid, request_url, redir_url, was_used, accepted, rejected, rp_initiated) VALUES ('challenge-0011', 'verifier-0011', 'subject-0011', 'session_id-0011', 'client-0014', '24704dcb-0ab9-4bfa-a84c-405932ae53fe', 'http://request/0011', 'http://post_logout/0011', true, true, false, true);
INSERT INTO hydra_oauth2_logout_request (challenge, verifier, subject, sid, client_id, nid, request_url, redir_url, was_used, accepted, rejected, rp_initiated) VALUES ('challenge-0012', 'verifier-0012', 'subject-0012', 'session_id-0012', 'client-0014', '24704dcb-0ab9-4bfa-a84c-405932ae53fe', 'http://request/0012', 'http://post_logout/0012', true, true, false, true);
INSERT INTO hydra_oauth2_logout_request (challenge, verifier, subject, sid, client_id, nid, request_url, redir_url, was_used, accepted, rejected, rp_initiated) VALUES ('challenge-0013', 'verifier-0013', 'subject-0013', 'session_id-0013', 'client-0014', '24704dcb-0ab9-4bfa-a84c-405932ae53fe', 'http://request/0013', 'http://post_logout/0013', true, true, false, true);
INSERT INTO hydra_oauth2_logout_request (challenge, verifier, subject, sid, client_id, nid, request_url, redir_url, was_used, accepted, rejected, rp_initiated) VALUES ('challenge-0014', 'verifier-0014', 'subject-0014', 'session_id-0014', 'client-0014', '24704dcb-0ab9-4bfa-a84c-405932ae53fe', 'http://request/0014', 'http://post_logout/0014', true, true, false, true);

INSERT INTO hydra_oauth2_jti_blacklist (signature, expires_at, nid) VALUES ('sig-0011', '2022-02-15 22:20:22', '24704dcb-0ab9-4bfa-a84c-405932ae53fe');

INSERT INTO hydra_oauth2_access (signature, request_id, requested_at, client_id, scope, granted_scope, form_data, session_data, subject, active, requested_audience, granted_audience, challenge_id, nid) VALUES ('sig-0001', 'req-0001', '2022-02-15 22:20:21', 'client-0014', 'scope-0001', 'granted_scope-0001', 'form_data-0001', 'session-0001', '', true, '', '', NULL, '24704dcb-0ab9-4bfa-a84c-405932ae53fe');
INSERT INTO hydra_oauth2_access (signature, request_id, requested_at, client_id, scope, granted_scope, form_data, session_data, subject, active, requested_audience, granted_audience, challenge_id, nid) VALUES ('sig-0002', 'req-0002', '2022-02-15 22:20:21', 'client-0014', 'scope-0002', 'granted_scope-0002', 'form_data-0002', 'session-0002', 'subject-0002', true, '', '', NULL, '24704dcb-0ab9-4bfa-a84c-405932ae53fe');
INSERT INTO hydra_oauth2_access (signature, request_id, requested_at, client_id, scope, granted_scope, form_data, session_data, subject, active, requested_audience, granted_audience, challenge_id, nid) VALUES ('sig-0003', 'req-0003', '2022-02-15 22:20:21', 'client-0014', 'scope-0003', 'granted_scope-0003', 'form_data-0003', 'session-0003', 'subject-0003', true, '', '', NULL, '24704dcb-0ab9-4bfa-a84c-405932ae53fe');
INSERT INTO hydra_oauth2_access (signature, request_id, requested_at, client_id, scope, granted_scope, form_data, session_data, subject, active, requested_audience, granted_audience, challenge_id, nid) VALUES ('sig-0004', 'req-0004', '2022-02-15 22:20:21', 'client-0014', 'scope-0004', 'granted_scope-0004', 'form_data-0004', 'session-0004', 'subject-0004', false, '', '', NULL, '24704dcb-0ab9-4bfa-a84c-405932ae53fe');
INSERT INTO hydra_oauth2_access (signature, request_id, requested_at, client_id, scope, granted_scope, form_data, session_data, subject, active, requested_audience, granted_audience, challenge_id, nid) VALUES ('sig-0005', 'req-0005', '2022-02-15 22:20:22', 'client-0014', 'scope-0005', 'granted_scope-0005', 'form_data-0005', 'session-0005', 'subject-0005', false, '', '', NULL, '24704dcb-0ab9-4bfa-a84c-405932ae53fe');
INSERT INTO hydra_oauth2_access (signature, request_id, requested_at, client_id, scope, granted_scope, form_data, session_data, subject, active, requested_audience, granted_audience, challenge_id, nid) VALUES ('sig-0006', 'req-0006', '2022-02-15 22:20:22', 'client-0014', 'scope-0006', 'granted_scope-0006', 'form_data-0006', 'session-0006', 'subject-0006', false, '', '', NULL, '24704dcb-0ab9-4bfa-a84c-405932ae53fe');
INSERT INTO hydra_oauth2_access (signature, request_id, requested_at, client_id, scope, granted_scope, form_data, session_data, subject, active, requested_audience, granted_audience, challenge_id, nid) VALUES ('sig-0007', 'req-0007', '2022-02-15 22:20:22', 'client-0014', 'scope-0007', 'granted_scope-0007', 'form_data-0007', 'session-0007', 'subject-0007', false, 'requested_audience-0007', 'granted_audience-0007', NULL, '24704dcb-0ab9-4bfa-a84c-405932ae53fe');
INSERT INTO hydra_oauth2_access (signature, request_id, requested_at, client_id, scope, granted_scope, form_data, session_data, subject, active, requested_audience, granted_audience, challenge_id, nid) VALUES ('sig-0008', 'req-0008', '2022-02-15 22:20:22', 'client-0001', 'scope-0008', 'granted_scope-0008', 'form_data-0008', 'session-0008', 'subject-0008', false, 'requested_audience-0008', 'granted_audience-0008', 'challenge-0014', '24704dcb-0ab9-4bfa-a84c-405932ae53fe');
INSERT INTO hydra_oauth2_access (signature, request_id, requested_at, client_id, scope, granted_scope, form_data, session_data, subject, active, requested_audience, granted_audience, challenge_id, nid) VALUES ('sig-0009', 'req-0009', '2022-02-15 22:20:22', 'client-0001', 'scope-0009', 'granted_scope-0009', 'form_data-0009', 'session-0009', 'subject-0009', false, 'requested_audience-0009', 'granted_audience-0009', 'challenge-0014', '24704dcb-0ab9-4bfa-a84c-405932ae53fe');
INSERT INTO hydra_oauth2_access (signature, request_id, requested_at, client_id, scope, granted_scope, form_data, session_data, subject, active, requested_audience, granted_audience, challenge_id, nid) VALUES ('sig-0010', 'req-0010', '2022-02-15 22:20:22', 'client-0001', 'scope-0010', 'granted_scope-0010', 'form_data-0010', 'session-0010', 'subject-0010', false, 'requested_audience-0010', 'granted_audience-0010', 'challenge-0014', '24704dcb-0ab9-4bfa-a84c-405932ae53fe');
INSERT INTO hydra_oauth2_access (signature, request_id, requested_at, client_id, scope, granted_scope, form_data, session_data, subject, active, requested_audience, granted_audience, challenge_id, nid) VALUES ('sig-0011', 'req-0011', '2022-02-15 22:20:22', 'client-0001', 'scope-0011', 'granted_scope-0011', 'form_data-0011', 'session-0011', 'subject-0011', false, 'requested_audience-0011', 'granted_audience-0011', 'challenge-0014', '24704dcb-0ab9-4bfa-a84c-405932ae53fe');
INSERT INTO hydra_oauth2_access (signature, request_id, requested_at, client_id, scope, granted_scope, form_data, session_data, subject, active, requested_audience, granted_audience, challenge_id, nid) VALUES ('sig-20201110104000', 'req-20201110104000', '2022-02-15 22:20:22', 'client-0001', 'scope-0011', 'granted_scope-0011', 'form_data-0011', 'session-0011', 'subject-0011', false, 'requested_audience-0011', 'granted_audience-0011', 'challenge-0014', '24704dcb-0ab9-4bfa-a84c-405932ae53fe');
INSERT INTO hydra_oauth2_access (signature, request_id, requested_at, client_id, scope, granted_scope, form_data, session_data, subject, active, requested_audience, granted_audience, challenge_id, nid) VALUES ('sig-20201110104000-01', 'req-20201110104000', '2022-02-15 22:20:22', 'client-0001', 'scope-0011', 'granted_scope-0011', 'form_data-0011', 'session-0011', 'subject-0011', false, 'requested_audience-0011', 'granted_audience-0011', 'challenge-0014', '24704dcb-0ab9-4bfa-a84c-405932ae53fe');

INSERT INTO hydra_oauth2_refresh (signature, request_id, requested_at, client_id, scope, granted_scope, form_data, session_data, subject, active, requested_audience, granted_audience, challenge_id, nid) VALUES ('sig-0001', 'req-0001', '2022-02-15 22:20:21', 'client-0014', 'scope-0001', 'granted_scope-0001', 'form_data-0001', 'session-0001', '', true, '', '', NULL, '24704dcb-0ab9-4bfa-a84c-405932ae53fe');
INSERT INTO hydra_oauth2_refresh (signature, request_id, requested_at, client_id, scope, granted_scope, form_data, session_data, subject, active, requested_audience, granted_audience, challenge_id, nid) VALUES ('sig-0002', 'req-0002', '2022-02-15 22:20:21', 'client-0014', 'scope-0002', 'granted_scope-0002', 'form_data-0002', 'session-0002', 'subject-0002', true, '', '', NULL, '24704dcb-0ab9-4bfa-a84c-405932ae53fe');
INSERT INTO hydra_oauth2_refresh (signature, request_id, requested_at, client_id, scope, granted_scope, form_data, session_data, subject, active, requested_audience, granted_audience, challenge_id, nid) VALUES ('sig-0003', 'req-0003', '2022-02-15 22:20:21', 'client-0014', 'scope-0003', 'granted_scope-0003', 'form_data-0003', 'session-0003', 'subject-0003', true, '', '', NULL, '24704dcb-0ab9-4bfa-a84c-405932ae53fe');
INSERT INTO hydra_oauth2_refresh (signature, request_id, requested_at, client_id, scope, granted_scope, form_data, session_data, subject, active, requested_audience, granted_audience, challenge_id, nid) VALUES ('sig-0004', 'req-0004', '2022-02-15 22:20:21', 'client-0014', 'scope-0004', 'granted_scope-0004', 'form_data-0004', 'session-0004', 'subject-0004', false, '', '', NULL, '24704dcb-0ab9-4bfa-a84c-405932ae53fe');
INSERT INTO hydra_oauth2_refresh (signature, request_id, requested_at, client_id, scope, granted_scope, form_data, session_data, subject, active, requested_audience, granted_audience, challenge_id, nid) VALUES ('sig-0005', 'req-0005', '2022-02-15 22:20:22', 'client-0014', 'scope-0005', 'granted_scope-0005', 'form_data-0005', 'session-0005', 'subject-0005', false, '', '', NULL, '24704dcb-0ab9-4bfa-a84c-405932ae53fe');
INSERT INTO hydra_oauth2_refresh (signature, request_id, requested_at, client_id, scope, granted_scope, form_data, session_data, subject, active, requested_audience, granted_audience, challenge_id, nid) VALUES ('sig-0006', 'req-0006', '2022-02-15 22:20:22', 'client-0014', 'scope-0006', 'granted_scope-0006', 'form_data-0006', 'session-0006', 'subject-0006', false, '', '', NULL, '24704dcb-0ab9-4bfa-a84c-405932ae53fe');
INSERT INTO hydra_oauth2_refresh (signature, request_id, requested_at, client_id, scope, granted_scope, form_data, session_data, subject, active, requested_audience, granted_audience, challenge_id, nid) VALUES ('sig-0007', 'req-0007', '2022-02-15 22:20:22', 'client-0014', 'scope-0007', 'granted_scope-0007', 'form_data-0007', 'session-0007', 'subject-0007', false, 'requested_audience-0007', 'granted_audience-0007', NULL, '24704dcb-0ab9-4bfa-a84c-405932ae53fe');
INSERT INTO hydra_oauth2_refresh (signature, request_id, requested_at, client_id, scope, granted_scope, form_data, session_data, subject, active, requested_audience, granted_audience, challenge_id, nid) VALUES ('sig-0008', 'req-0008', '2022-02-15 22:20:22', 'client-0001', 'scope-0008', 'granted_scope-0008', 'form_data-0008', 'session-0008', 'subject-0008', false, 'requested_audience-0008', 'granted_audience-0008', 'challenge-0014', '24704dcb-0ab9-4bfa-a84c-405932ae53fe');
INSERT INTO hydra_oauth2_refresh (signature, request_id, requested_at, client_id, scope, granted_scope, form_data, session_data, subject, active, requested_audience, granted_audience, challenge_id, nid) VALUES ('sig-0009', 'req-0009', '2022-02-15 22:20:22', 'client-0001', 'scope-0009', 'granted_scope-0009', 'form_data-0009', 'session-0009', 'subject-0009', false, 'requested_audience-0009', 'granted_audience-0009', 'challenge-0014', '24704dcb-0ab9-4bfa-a84c-405932ae53fe');
INSERT INTO hydra_oauth2_refresh (signature, request_id, requested_at, client_id, scope, granted_scope, form_data, session_data, subject, active, requested_audience, granted_audience, challenge_id, nid) VALUES ('sig-0010', 'req-0010', '2022-02-15 22:20:22', 'client-0001', 'scope-0010', 'granted_scope-0010', 'form_data-0010', 'session-0010', 'subject-0010', false, 'requested_audience-0010', 'granted_audience-0010', 'challenge-0014', '24704dcb-0ab9-4bfa-a84c-405932ae53fe');
INSERT INTO hydra_oauth2_refresh (signature, request_id, requested_at, client_id, scope, granted_scope, form_data, session_data, subject, active, requested_audience, granted_audience, challenge_id, nid) VALUES ('sig-0011', 'req-0011', '2022-02-15 22:20:22', 'client-0001', 'scope-0011', 'granted_scope-0011', 'form_data-0011', 'session-0011', 'subject-0011', false, 'requested_audience-0011', 'granted_audience-0011', 'challenge-0014', '24704dcb-0ab9-4bfa-a84c-405932ae53fe');
INSERT INTO hydra_oauth2_refresh (signature, request_id, requested_at, client_id, scope, granted_scope, form_data, session_data, subject, active, requested_audience, granted_audience, challenge_id, nid) VALUES ('sig-20201110104000', 'req-20201110104000', '2022-02-15 22:20:22', 'client-0001', 'scope-0011', 'granted_scope-0011', 'form_data-0011', 'session-0011', 'subject-0011', false, 'requested_audience-0011', 'granted_audience-0011', 'challenge-0014', '24704dcb-0ab9-4bfa-a84c-405932ae53fe');
INSERT INTO hydra_oauth2_refresh (signature, request_id, requested_at, client_id, scope, granted_scope, form_data, session_data, subject, active, requested_audience, granted_audience, challenge_id, nid) VALUES ('sig-20201110104000-01', 'req-20201110104000', '2022-02-15 22:20:22', 'client-0001', 'scope-0011', 'granted_scope-0011', 'form_data-0011', 'session-0011', 'subject-0011', false, 'requested_audience-0011', 'granted_audience-0011', 'challenge-0014', '24704dcb-0ab9-4bfa-a84c-405932ae53fe');

INSERT INTO hydra_oauth2_code (signature, request_id, requested_at, client_id, scope, granted_scope, form_data, session_data, subject, active, requested_audience, granted_audience, challenge_id, nid) VALUES ('sig-0001', 'req-0001', '2022-02-15 22:20:21', 'client-0014', 'scope-0001', 'granted_scope-0001', 'form_data-0001', 'session-0001', '', true, '', '', NULL, '24704dcb-0ab9-4bfa-a84c-405932ae53fe');
INSERT INTO hydra_oauth2_code (signature, request_id, requested_at, client_id, scope, granted_scope, form_data, session_data, subject, active, requested_audience, granted_audience, challenge_id, nid) VALUES ('sig-0002', 'req-0002', '2022-02-15 22:20:21', 'client-0014', 'scope-0002', 'granted_scope-0002', 'form_data-0002', 'session-0002', 'subject-0002', true, '', '', NULL, '24704dcb-0ab9-4bfa-a84c-405932ae53fe');
INSERT INTO hydra_oauth2_code (signature, request_id, requested_at, client_id, scope, granted_scope, form_data, session_data, subject, active, requested_audience, granted_audience, challenge_id, nid) VALUES ('sig-0003', 'req-0003', '2022-02-15 22:20:21', 'client-0014', 'scope-0003', 'granted_scope-0003', 'form_data-0003', 'session-0003', 'subject-0003', true, '', '', NULL, '24704dcb-0ab9-4bfa-a84c-405932ae53fe');
INSERT INTO hydra_oauth2_code (signature, request_id, requested_at, client_id, scope, granted_scope, form_data, session_data, subject, active, requested_audience, granted_audience, challenge_id, nid) VALUES ('sig-0004', 'req-0004', '2022-02-15 22:20:21', 'client-0014', 'scope-0004', 'granted_scope-0004', 'form_data-0004', 'session-0004', 'subject-0004', false, '', '', NULL, '24704dcb-0ab9-4bfa-a84c-405932ae53fe');
INSERT INTO hydra_oauth2_code (signature, request_id, requested_at, client_id, scope, granted_scope, form_data, session_data, subject, active, requested_audience, granted_audience, challenge_id, nid) VALUES ('sig-0005', 'req-0005', '2022-02-15 22:20:22', 'client-0014', 'scope-0005', 'granted_scope-0005', 'form_data-0005', 'session-0005', 'subject-0005', false, '', '', NULL, '24704dcb-0ab9-4bfa-a84c-405932ae53fe');
INSERT INTO hydra_oauth2_code (signature, request_id, requested_at, client_id, scope, granted_scope, form_data, session_data, subject, active, requested_audience, granted_audience, challenge_id, nid) VALUES ('sig-0006', 'req-0006', '2022-02-15 22:20:22', 'client-0014', 'scope-0006', 'granted_scope-0006', 'form_data-0006', 'session-0006', 'subject-0006', false, '', '', NULL, '24704dcb-0ab9-4bfa-a84c-405932ae53fe');
INSERT INTO hydra_oauth2_code (signature, request_id, requested_at, client_id, scope, granted_scope, form_data, session_data, subject, active, requested_audience, granted_audience, challenge_id, nid) VALUES ('sig-0007', 'req-0007', '2022-02-15 22:20:22', 'client-0014', 'scope-0007', 'granted_scope-0007', 'form_data-0007', 'session-0007', 'subject-0007', false, 'requested_audience-0007', 'granted_audience-0007', NULL, '24704dcb-0ab9-4bfa-a84c-405932ae53fe');
INSERT INTO hydra_oauth2_code (signature, request_id, requested_at, client_id, scope, granted_scope, form_data, session_data, subject, active, requested_audience, granted_audience, challenge_id, nid) VALUES ('sig-0008', 'req-0008', '2022-02-15 22:20:22', 'client-0001', 'scope-0008', 'granted_scope-0008', 'form_data-0008', 'session-0008', 'subject-0008', false, 'requested_audience-0008', 'granted_audience-0008', 'challenge-0014', '24704dcb-0ab9-4bfa-a84c-405932ae53fe');
INSERT INTO hydra_oauth2_code (signature, request_id, requested_at, client_id, scope, granted_scope, form_data, session_data, subject, active, requested_audience, granted_audience, challenge_id, nid) VALUES ('sig-0009', 'req-0009', '2022-02-15 22:20:22', 'client-0001', 'scope-0009', 'granted_scope-0009', 'form_data-0009', 'session-0009', 'subject-0009', false, 'requested_audience-0009', 'granted_audience-0009', 'challenge-0014', '24704dcb-0ab9-4bfa-a84c-405932ae53fe');
INSERT INTO hydra_oauth2_code (signature, request_id, requested_at, client_id, scope, granted_scope, form_data, session_data, subject, active, requested_audience, granted_audience, challenge_id, nid) VALUES ('sig-0010', 'req-0010', '2022-02-15 22:20:22', 'client-0001', 'scope-0010', 'granted_scope-0010', 'form_data-0010', 'session-0010', 'subject-0010', false, 'requested_audience-0010', 'granted_audience-0010', 'challenge-0014', '24704dcb-0ab9-4bfa-a84c-405932ae53fe');
INSERT INTO hydra_oauth2_code (signature, request_id, requested_at, client_id, scope, granted_scope, form_data, session_data, subject, active, requested_audience, granted_audience, challenge_id, nid) VALUES ('sig-0011', 'req-0011', '2022-02-15 22:20:22', 'client-0001', 'scope-0011', 'granted_scope-0011', 'form_data-0011', 'session-0011', 'subject-0011', false, 'requested_audience-0011', 'granted_audience-0011', 'challenge-0014', '24704dcb-0ab9-4bfa-a84c-405932ae53fe');
INSERT INTO hydra_oauth2_code (signature, request_id, requested_at, client_id, scope, granted_scope, form_data, session_data, subject, active, requested_audience, granted_audience, challenge_id, nid) VALUES ('sig-20201110104000', 'req-20201110104000', '2022-02-15 22:20:22', 'client-0001', 'scope-0011', 'granted_scope-0011', 'form_data-0011', 'session-0011', 'subject-0011', false, 'requested_audience-0011', 'granted_audience-0011', 'challenge-0014', '24704dcb-0ab9-4bfa-a84c-405932ae53fe');
INSERT INTO hydra_oauth2_code (signature, request_id, requested_at, client_id, scope, granted_scope, form_data, session_data, subject, active, requested_audience, granted_audience, challenge_id, nid) VALUES ('sig-20201110104000-01', 'req-20201110104000', '2022-02-15 22:20:22', 'client-0001', 'scope-0011', 'granted_scope-0011', 'form_data-0011', 'session-0011', 'subject-0011', false, 'requested_audience-0011', 'granted_audience-0011', 'challenge-0014', '24704dcb-0ab9-4bfa-a84c-405932ae53fe');

INSERT INTO hydra_oauth2_oidc (signature, request_id, requested_at, client_id, scope, granted_scope, form_data, session_data, subject, active, requested_audience, granted_audience, challenge_id, nid) VALUES ('sig-0001', 'req-0001', '2022-02-15 22:20:21', 'client-0014', 'scope-0001', 'granted_scope-0001', 'form_data-0001', 'session-0001', '', true, '', '', NULL, '24704dcb-0ab9-4bfa-a84c-405932ae53fe');
INSERT INTO hydra_oauth2_oidc (signature, request_id, requested_at, client_id, scope, granted_scope, form_data, session_data, subject, active, requested_audience, granted_audience, challenge_id, nid) VALUES ('sig-0002', 'req-0002', '2022-02-15 22:20:21', 'client-0014', 'scope-0002', 'granted_scope-0002', 'form_data-0002', 'session-0002', 'subject-0002', true, '', '', NULL, '24704dcb-0ab9-4bfa-a84c-405932ae53fe');
INSERT INTO hydra_oauth2_oidc (signature, request_id, requested_at, client_id, scope, granted_scope, form_data, session_data, subject, active, requested_audience, granted_audience, challenge_id, nid) VALUES ('sig-0003', 'req-0003', '2022-02-15 22:20:21', 'client-0014', 'scope-0003', 'granted_scope-0003', 'form_data-0003', 'session-0003', 'subject-0003', true, '', '', NULL, '24704dcb-0ab9-4bfa-a84c-405932ae53fe');
INSERT INTO hydra_oauth2_oidc (signature, request_id, requested_at, client_id, scope, granted_scope, form_data, session_data, subject, active, requested_audience, granted_audience, challenge_id, nid) VALUES ('sig-0004', 'req-0004', '2022-02-15 22:20:21', 'client-0014', 'scope-0004', 'granted_scope-0004', 'form_data-0004', 'session-0004', 'subject-0004', false, '', '', NULL, '24704dcb-0ab9-4bfa-a84c-405932ae53fe');
INSERT INTO hydra_oauth2_oidc (signature, request_id, requested_at, client_id, scope, granted_scope, form_data, session_data, subject, active, requested_audience, granted_audience, challenge_id, nid) VALUES ('sig-0005', 'req-0005', '2022-02-15 22:20:22', 'client-0014', 'scope-0005', 'granted_scope-0005', 'form_data-0005', 'session-0005', 'subject-0005', false, '', '', NULL, '24704dcb-0ab9-4bfa-a84c-405932ae53fe');
INSERT INTO hydra_oauth2_oidc (signature, request_id, requested_at, client_id, scope, granted_scope, form_data, session_data, subject, active, requested_audience, granted_audience, challenge_id, nid) VALUES ('sig-0006', 'req-0006', '2022-02-15 22:20:22', 'client-0014', 'scope-0006', 'granted_scope-0006', 'form_data-0006', 'session-0006', 'subject-0006', false, '', '', NULL, '24704dcb-0ab9-4bfa-a84c-405932ae53fe');
INSERT INTO hydra_oauth2_oidc (signature, request_id, requested_at, client_id, scope, granted_scope, form_data, session_data, subject, active, requested_audience, granted_audience, challenge_id, nid) VALUES ('sig-0007', 'req-0007', '2022-02-15 22:20:22', 'client-0014', 'scope-0007', 'granted_scope-0007', 'form_data-0007', 'session-0007', 'subject-0007', false, 'requested_audience-0007', 'granted_audience-0007', NULL, '24704dcb-0ab9-4bfa-a84c-405932ae53fe');
INSERT INTO hydra_oauth2_oidc (signature, request_id, requested_at, client_id, scope, granted_scope, form_data, session_data, subject, active, requested_audience, granted_audience, challenge_id, nid) VALUES ('sig-0008', 'req-0008', '2022-02-15 22:20:22', 'client-0001', 'scope-0008', 'granted_scope-0008', 'form_data-0008', 'session-0008', 'subject-0008', false, 'requested_audience-0008', 'granted_audience-0008', 'challenge-0014', '24704dcb-0ab9-4bfa-a84c-405932ae53fe');
INSERT INTO hydra_oauth2_oidc (signature, request_id, requested_at, client_id, scope, granted_scope, form_data, session_data, subject, active, requested_audience, granted_audience, challenge_id, nid) VALUES ('sig-0009', 'req-0009', '2022-02-15 22:20:22', 'client-0001', 'scope-0009', 'granted_scope-0009', 'form_data-0009', 'session-0009', 'subject-0009', false, 'requested_audience-0009', 'granted_audience-0009', 'challenge-0014', '24704dcb-0ab9-4bfa-a84c-405932ae53fe');
INSERT INTO hydra_oauth2_oidc (signature, request_id, requested_at, client_id, scope, granted_scope, form_data, session_data, subject, active, requested_audience, granted_audience, challenge_id, nid) VALUES ('sig-0010', 'req-0010', '2022-02-15 22:20:22', 'client-0001', 'scope-0010', 'granted_scope-0010', 'form_data-0010', 'session-0010', 'subject-0010', false, 'requested_audience-0010', 'granted_audience-0010', 'challenge-0014', '24704dcb-0ab9-4bfa-a84c-405932ae53fe');
INSERT INTO hydra_oauth2_oidc (signature, request_id, requested_at, client_id, scope, granted_scope, form_data, session_data, subject, active, requested_audience, granted_audience, challenge_id, nid) VALUES ('sig-0011', 'req-0011', '2022-02-15 22:20:22', 'client-0001', 'scope-0011', 'granted_scope-0011', 'form_data-0011', 'session-0011', 'subject-0011', false, 'requested_audience-0011', 'granted_audience-0011', 'challenge-0014', '24704dcb-0ab9-4bfa-a84c-405932ae53fe');
INSERT INTO hydra_oauth2_oidc (signature, request_id, requested_at, client_id, scope, granted_scope, form_data, session_data, subject, active, requested_audience, granted_audience, challenge_id, nid) VALUES ('sig-20201110104000', 'req-20201110104000', '2022-02-15 22:20:22', 'client-0001', 'scope-0011', 'granted_scope-0011', 'form_data-0011', 'session-0011', 'subject-0011', false, 'requested_audience-0011', 'granted_audience-0011', 'challenge-0014', '24704dcb-0ab9-4bfa-a84c-405932ae53fe');
INSERT INTO hydra_oauth2_oidc (signature, request_id, requested_at, client_id, scope, granted_scope, form_data, session_data, subject, active, requested_audience, granted_audience, challenge_id, nid) VALUES ('sig-20201110104000-01', 'req-20201110104000', '2022-02-15 22:20:22', 'client-0001', 'scope-0011', 'granted_scope-0011', 'form_data-0011', 'session-0011', 'subject-0011', false, 'requested_audience-0011', 'granted_audience-0011', 'challenge-0014', '24704dcb-0ab9-4bfa-a84c-405932ae53fe');

INSERT INTO hydra_oauth2_pkce (signature, request_id, requested_at, client_id, scope, granted_scope, form_data, session_data, subject, active, requested_audience, granted_audience, challenge_id, nid) VALUES ('sig-0003', 'req-0003', '2022-02-15 22:20:21', 'client-0014', 'scope-0003', 'granted_scope-0003', 'form_data-0003', 'session-0003', 'subject-0003', true, '', '', NULL, '24704dcb-0ab9-4bfa-a84c-405932ae53fe');
INSERT INTO hydra_oauth2_pkce (signature, request_id, requested_at, client_id, scope, granted_scope, form_data, session_data, subject, active, requested_audience, granted_audience, challenge_id, nid) VALUES ('sig-0004', 'req-0004', '2022-02-15 22:20:21', 'client-0014', 'scope-0004', 'granted_scope-0004', 'form_data-0004', 'session-0004', 'subject-0004', false, '', '', NULL, '24704dcb-0ab9-4bfa-a84c-405932ae53fe');
INSERT INTO hydra_oauth2_pkce (signature, request_id, requested_at, client_id, scope, granted_scope, form_data, session_data, subject, active, requested_audience, granted_audience, challenge_id, nid) VALUES ('sig-0005', 'req-0005', '2022-02-15 22:20:22', 'client-0014', 'scope-0005', 'granted_scope-0005', 'form_data-0005', 'session-0005', 'subject-0005', false, '', '', NULL, '24704dcb-0ab9-4bfa-a84c-405932ae53fe');
INSERT INTO hydra_oauth2_pkce (signature, request_id, requested_at, client_id, scope, granted_scope, form_data, session_data, subject, active, requested_audience, granted_audience, challenge_id, nid) VALUES ('sig-0006', 'req-0006', '2022-02-15 22:20:22', 'client-0014', 'scope-0006', 'granted_scope-0006', 'form_data-0006', 'session-0006', 'subject-0006', false, '', '', NULL, '24704dcb-0ab9-4bfa-a84c-405932ae53fe');
INSERT INTO hydra_oauth2_pkce (signature, request_id, requested_at, client_id, scope, granted_scope, form_data, session_data, subject, active, requested_audience, granted_audience, challenge_id, nid) VALUES ('sig-0007', 'req-0007', '2022-02-15 22:20:22', 'client-0014', 'scope-0007', 'granted_scope-0007', 'form_data-0007', 'session-0007', 'subject-0007', false, 'requested_audience-0007', 'granted_audience-0007', NULL, '24704dcb-0ab9-4bfa-a84c-405932ae53fe');
INSERT INTO hydra_oauth2_pkce (signature, request_id, requested_at, client_id, scope, granted_scope, form_data, session_data, subject, active, requested_audience, granted_audience, challenge_id, nid) VALUES ('sig-0008', 'req-0008', '2022-02-15 22:20:22', 'client-0001', 'scope-0008', 'granted_scope-0008', 'form_data-0008', 'session-0008', 'subject-0008', false, 'requested_audience-0008', 'granted_audience-0008', 'challenge-0014', '24704dcb-0ab9-4bfa-a84c-405932ae53fe');
INSERT INTO hydra_oauth2_pkce (signature, request_id, requested_at, client_id, scope, granted_scope, form_data, session_data, subject, active, requested_audience, granted_audience, challenge_id, nid) VALUES ('sig-0009', 'req-0009', '2022-02-15 22:20:22', 'client-0001', 'scope-0009', 'granted_scope-0009', 'form_data-0009', 'session-0009', 'subject-0009', false, 'requested_audience-0009', 'granted_audience-0009', 'challenge-0014', '24704dcb-0ab9-4bfa-a84c-405932ae53fe');
INSERT INTO hydra_oauth2_pkce (signature, request_id, requested_at, client_id, scope, granted_scope, form_data, session_data, subject, active, requested_audience, granted_audience, challenge_id, nid) VALUES ('sig-0010', 'req-0010', '2022-02-15 22:20:22', 'client-0001', 'scope-0010', 'granted_scope-0010', 'form_data-0010', 'session-0010', 'subject-0010', false, 'requested_audience-0010', 'granted_audience-0010', 'challenge-0014', '24704dcb-0ab9-4bfa-a84c-405932ae53fe');
INSERT INTO hydra_oauth2_pkce (signature, request_id, requested_at, client_id, scope, granted_scope, form_data, session_data, subject, active, requested_audience, granted_audience, challenge_id, nid) VALUES ('sig-0011', 'req-0011', '2022-02-15 22:20:22', 'client-0001', 'scope-0011', 'granted_scope-0011', 'form_data-0011', 'session-0011', 'subject-0011', false, 'requested_audience-0011', 'granted_audience-0011', 'challenge-0014', '24704dcb-0ab9-4bfa-a84c-405932ae53fe');
INSERT INTO hydra_oauth2_pkce (signature, request_id, requested_at, client_id, scope, granted_scope, form_data, session_data, subject, active, requested_audience, granted_audience, challenge_id, nid) VALUES ('sig-20201110104000', 'req-20201110104000', '2022-02-15 22:20:22', 'client-0001', 'scope-0011', 'granted_scope-0011', 'form_data-0011', 'session-0011', 'subject-0011', false, 'requested_audience-0011', 'granted_audience-0011', 'challenge-0014', '24704dcb-0ab9-4bfa-a84c-405932ae53fe');
INSERT INTO hydra_oauth2_pkce (signature, request_id, requested_at, client_id, scope, granted_scope, form_data, session_data, subject, active, requested_audience, granted_audience, challenge_id, nid) VALUES ('sig-20201110104000-01', 'req-20201110104000', '2022-02-15 22:20:22', 'client-0001', 'scope-0011', 'granted_scope-0011', 'form_data-0011', 'session-0011', 'subject-0011', false, 'requested_audience-0011', 'granted_audience-0011', 'challenge-0014', '24704dcb-0ab9-4bfa-a84c-405932ae53fe');
